Date received,Product,Issue,Company,Consumer complaint narrative,Dataset provenance
2025-01-01,Payment issue,Payment issue,Illustrative financial services provider,"My payment was deducted but the transaction is still pending.","Synthetic illustrative sample; not an official CFPB record"
2025-01-02,Payment issue,Payment issue,Illustrative financial services provider,"I sent a bank transfer yesterday and the money has not arrived.","Synthetic illustrative sample; not an official CFPB record"
2025-01-03,Payment issue,Payment issue,Illustrative financial services provider,"The bill payment left my account but the merchant says it is unpaid.","Synthetic illustrative sample; not an official CFPB record"
2025-01-04,Payment issue,Payment issue,Illustrative financial services provider,"My direct deposit is missing and I need help locating it.","Synthetic illustrative sample; not an official CFPB record"
2025-01-05,Payment issue,Payment issue,Illustrative financial services provider,"A card payment is pending for several days and the balance is unavailable.","Synthetic illustrative sample; not an official CFPB record"
2025-01-06,Payment issue,Payment issue,Illustrative financial services provider,"I was charged for a transfer that never reached the recipient.","Synthetic illustrative sample; not an official CFPB record"
2025-01-07,Payment issue,Payment issue,Illustrative financial services provider,"The payment failed but the funds were still taken from my account.","Synthetic illustrative sample; not an official CFPB record"
2025-01-08,Payment issue,Payment issue,Illustrative financial services provider,"My refund has been approved but has not been credited back yet.","Synthetic illustrative sample; not an official CFPB record"
2025-01-09,Payment issue,Payment issue,Illustrative financial services provider,"I made a payment twice because the first one was stuck as pending.","Synthetic illustrative sample; not an official CFPB record"
2025-01-10,Payment issue,Payment issue,Illustrative financial services provider,"The scheduled payment did not process even though I had enough money.","Synthetic illustrative sample; not an official CFPB record"
2025-01-01,Card and billing,Card and billing,Illustrative financial services provider,"There is an annual fee on my card statement that I do not recognize.","Synthetic illustrative sample; not an official CFPB record"
2025-01-02,Card and billing,Card and billing,Illustrative financial services provider,"I was charged interest even though I paid the full balance on time.","Synthetic illustrative sample; not an official CFPB record"
2025-01-03,Card and billing,Card and billing,Illustrative financial services provider,"My credit card statement has a duplicate charge from the same store.","Synthetic illustrative sample; not an official CFPB record"
2025-01-04,Card and billing,Card and billing,Illustrative financial services provider,"The minimum payment on my card changed without an explanation.","Synthetic illustrative sample; not an official CFPB record"
2025-01-05,Card and billing,Card and billing,Illustrative financial services provider,"I need help understanding a fee listed on my monthly statement.","Synthetic illustrative sample; not an official CFPB record"
2025-01-06,Card and billing,Card and billing,Illustrative financial services provider,"A late fee was added even though my payment was made before the due date.","Synthetic illustrative sample; not an official CFPB record"
2025-01-07,Card and billing,Card and billing,Illustrative financial services provider,"My card was declined at checkout despite having available credit.","Synthetic illustrative sample; not an official CFPB record"
2025-01-08,Card and billing,Card and billing,Illustrative financial services provider,"The promotional rate ended earlier than the terms said it would.","Synthetic illustrative sample; not an official CFPB record"
2025-01-09,Card and billing,Card and billing,Illustrative financial services provider,"I cannot see my latest credit card statement in the app.","Synthetic illustrative sample; not an official CFPB record"
2025-01-10,Card and billing,Card and billing,Illustrative financial services provider,"The balance on my card is higher than the purchases I made.","Synthetic illustrative sample; not an official CFPB record"
2025-01-01,Fraud and disputes,Fraud and disputes,Illustrative financial services provider,"Someone used my account to make purchases I did not authorize.","Synthetic illustrative sample; not an official CFPB record"
2025-01-02,Fraud and disputes,Fraud and disputes,Illustrative financial services provider,"I reported identity theft but the fraudulent account is still open.","Synthetic illustrative sample; not an official CFPB record"
2025-01-03,Fraud and disputes,Fraud and disputes,Illustrative financial services provider,"My debit card was stolen and there are unauthorized transactions.","Synthetic illustrative sample; not an official CFPB record"
2025-01-04,Fraud and disputes,Fraud and disputes,Illustrative financial services provider,"The bank denied my fraud claim without investigating the charges.","Synthetic illustrative sample; not an official CFPB record"
2025-01-05,Fraud and disputes,Fraud and disputes,Illustrative financial services provider,"I need to dispute a transaction that I never made.","Synthetic illustrative sample; not an official CFPB record"
2025-01-06,Fraud and disputes,Fraud and disputes,Illustrative financial services provider,"A scammer transferred money from my account and support has not responded.","Synthetic illustrative sample; not an official CFPB record"
2025-01-07,Fraud and disputes,Fraud and disputes,Illustrative financial services provider,"My personal information was exposed and a new account appeared on my report.","Synthetic illustrative sample; not an official CFPB record"
2025-01-08,Fraud and disputes,Fraud and disputes,Illustrative financial services provider,"I do not recognize a withdrawal and need it investigated as fraud.","Synthetic illustrative sample; not an official CFPB record"
2025-01-09,Fraud and disputes,Fraud and disputes,Illustrative financial services provider,"The account was taken over and I cannot stop the unauthorized payments.","Synthetic illustrative sample; not an official CFPB record"
2025-01-10,Fraud and disputes,Fraud and disputes,Illustrative financial services provider,"I submitted documents for a fraud case but the claim was closed.","Synthetic illustrative sample; not an official CFPB record"
2025-01-01,Account access,Account access,Illustrative financial services provider,"I am locked out of online banking and the password reset does not work.","Synthetic illustrative sample; not an official CFPB record"
2025-01-02,Account access,Account access,Illustrative financial services provider,"The verification code never arrives so I cannot sign in to my account.","Synthetic illustrative sample; not an official CFPB record"
2025-01-03,Account access,Account access,Illustrative financial services provider,"My account was frozen and I cannot access my own money.","Synthetic illustrative sample; not an official CFPB record"
2025-01-04,Account access,Account access,Illustrative financial services provider,"The mobile app keeps rejecting my correct username and password.","Synthetic illustrative sample; not an official CFPB record"
2025-01-05,Account access,Account access,Illustrative financial services provider,"I cannot update my phone number because I cannot log in.","Synthetic illustrative sample; not an official CFPB record"
2025-01-06,Account access,Account access,Illustrative financial services provider,"My account was unexpectedly closed and I need to know why.","Synthetic illustrative sample; not an official CFPB record"
2025-01-07,Account access,Account access,Illustrative financial services provider,"The website gives an error whenever I try to access my account.","Synthetic illustrative sample; not an official CFPB record"
2025-01-08,Account access,Account access,Illustrative financial services provider,"I need help restoring access after changing my email address.","Synthetic illustrative sample; not an official CFPB record"
2025-01-09,Account access,Account access,Illustrative financial services provider,"The bank keeps sending a login code to my old phone number.","Synthetic illustrative sample; not an official CFPB record"
2025-01-10,Account access,Account access,Illustrative financial services provider,"I have been unable to use online banking for three days.","Synthetic illustrative sample; not an official CFPB record"
2025-01-01,Loans and collections,Loans and collections,Illustrative financial services provider,"My student loan payment was applied to the wrong loan balance.","Synthetic illustrative sample; not an official CFPB record"
2025-01-02,Loans and collections,Loans and collections,Illustrative financial services provider,"The mortgage servicer says I am behind even though I paid on time.","Synthetic illustrative sample; not an official CFPB record"
2025-01-03,Loans and collections,Loans and collections,Illustrative financial services provider,"A debt collector keeps calling about an account that is not mine.","Synthetic illustrative sample; not an official CFPB record"
2025-01-04,Loans and collections,Loans and collections,Illustrative financial services provider,"My loan application has been pending for weeks with no update.","Synthetic illustrative sample; not an official CFPB record"
2025-01-05,Loans and collections,Loans and collections,Illustrative financial services provider,"I was charged a fee for paying off my auto loan early.","Synthetic illustrative sample; not an official CFPB record"
2025-01-06,Loans and collections,Loans and collections,Illustrative financial services provider,"The amount due on my mortgage increased and I did not receive notice.","Synthetic illustrative sample; not an official CFPB record"
2025-01-07,Loans and collections,Loans and collections,Illustrative financial services provider,"I requested a payment plan but the lender has not replied.","Synthetic illustrative sample; not an official CFPB record"
2025-01-08,Loans and collections,Loans and collections,Illustrative financial services provider,"My loan was transferred and the new servicer cannot find my payments.","Synthetic illustrative sample; not an official CFPB record"
2025-01-09,Loans and collections,Loans and collections,Illustrative financial services provider,"A collection account remains on my credit report after I paid it.","Synthetic illustrative sample; not an official CFPB record"
2025-01-10,Loans and collections,Loans and collections,Illustrative financial services provider,"I need help correcting an error on my loan repayment history.","Synthetic illustrative sample; not an official CFPB record"
2025-01-01,Customer service,Customer service,Illustrative financial services provider,"I have contacted support several times and nobody has resolved my issue.","Synthetic illustrative sample; not an official CFPB record"
2025-01-02,Customer service,Customer service,Illustrative financial services provider,"The representative promised a callback but I never heard back.","Synthetic illustrative sample; not an official CFPB record"
2025-01-03,Customer service,Customer service,Illustrative financial services provider,"I was given conflicting information by two customer service agents.","Synthetic illustrative sample; not an official CFPB record"
2025-01-04,Customer service,Customer service,Illustrative financial services provider,"My complaint was closed but the problem is still happening.","Synthetic illustrative sample; not an official CFPB record"
2025-01-05,Customer service,Customer service,Illustrative financial services provider,"I cannot reach a person to discuss an issue with my account.","Synthetic illustrative sample; not an official CFPB record"
2025-01-06,Customer service,Customer service,Illustrative financial services provider,"The company has not answered my messages about the disputed charge.","Synthetic illustrative sample; not an official CFPB record"
2025-01-07,Customer service,Customer service,Illustrative financial services provider,"I submitted the requested forms but support says they cannot find them.","Synthetic illustrative sample; not an official CFPB record"
2025-01-08,Customer service,Customer service,Illustrative financial services provider,"I have waited a month for an answer to my written complaint.","Synthetic illustrative sample; not an official CFPB record"
2025-01-09,Customer service,Customer service,Illustrative financial services provider,"Customer service transferred me repeatedly without helping.","Synthetic illustrative sample; not an official CFPB record"
2025-01-10,Customer service,Customer service,Illustrative financial services provider,"The company did not explain how it handled my complaint.","Synthetic illustrative sample; not an official CFPB record"
2025-02-01,Payment issue,Payment issue,Northstar Community Bank,"An online bill payment shows completed, but the service provider has not received the funds.","Synthetic illustrative sample; not an official CFPB record"
2025-02-02,Payment issue,Payment issue,Northstar Community Bank,"Funds left my Northstar checking account, but the recipient's bank has no record.","Synthetic illustrative sample; not an official CFPB record"
2025-02-03,Payment issue,Payment issue,Northstar Community Bank,"An incoming payroll deposit is missing from my account this morning.","Synthetic illustrative sample; not an official CFPB record"
2025-02-04,Payment issue,Payment issue,Northstar Community Bank,"My debit card payment is still pending and the available balance has not returned.","Synthetic illustrative sample; not an official CFPB record"
2025-02-05,Payment issue,Payment issue,Northstar Community Bank,"I was charged for a wire transfer that the bank says failed.","Synthetic illustrative sample; not an official CFPB record"
2025-02-01,Card and billing,Card and billing,Northstar Community Bank,"Northstar added a card maintenance fee that I do not remember agreeing to.","Synthetic illustrative sample; not an official CFPB record"
2025-02-02,Card and billing,Card and billing,Northstar Community Bank,"Interest appeared on my statement after the balance was paid in full.","Synthetic illustrative sample; not an official CFPB record"
2025-02-03,Card and billing,Card and billing,Northstar Community Bank,"Two identical purchases appear on the same credit card statement.","Synthetic illustrative sample; not an official CFPB record"
2025-02-04,Card and billing,Card and billing,Northstar Community Bank,"The payment due amount changed and I cannot find an explanation in the statement.","Synthetic illustrative sample; not an official CFPB record"
2025-02-05,Card and billing,Card and billing,Northstar Community Bank,"My card was rejected even though the account shows available credit.","Synthetic illustrative sample; not an official CFPB record"
2025-02-01,Fraud and disputes,Fraud and disputes,Northstar Community Bank,"Unrecognized online purchases were made using my card overnight.","Synthetic illustrative sample; not an official CFPB record"
2025-02-02,Fraud and disputes,Fraud and disputes,Northstar Community Bank,"I reported a fraudulent account opened in my name, but it remains active.","Synthetic illustrative sample; not an official CFPB record"
2025-02-03,Fraud and disputes,Fraud and disputes,Northstar Community Bank,"Cash withdrawals appeared after my debit card was lost.","Synthetic illustrative sample; not an official CFPB record"
2025-02-04,Fraud and disputes,Fraud and disputes,Northstar Community Bank,"The bank closed my identity theft dispute without contacting me.","Synthetic illustrative sample; not an official CFPB record"
2025-02-05,Fraud and disputes,Fraud and disputes,Northstar Community Bank,"I never approved the transfer listed on my online statement.","Synthetic illustrative sample; not an official CFPB record"
2025-02-01,Account access,Account access,Northstar Community Bank,"Northstar online banking locked me out and password recovery keeps failing.","Synthetic illustrative sample; not an official CFPB record"
2025-02-02,Account access,Account access,Northstar Community Bank,"My verification code is going to a disconnected mobile number.","Synthetic illustrative sample; not an official CFPB record"
2025-02-03,Account access,Account access,Northstar Community Bank,"Online banking shows my account is restricted and I cannot transfer my funds.","Synthetic illustrative sample; not an official CFPB record"
2025-02-04,Account access,Account access,Northstar Community Bank,"The mobile app will not accept my login after a password reset.","Synthetic illustrative sample; not an official CFPB record"
2025-02-05,Account access,Account access,Northstar Community Bank,"My account access was disabled without any explanation.","Synthetic illustrative sample; not an official CFPB record"
2025-02-01,Loans and collections,Loans and collections,Northstar Community Bank,"Northstar applied my car loan payment to principal instead of this month's amount.","Synthetic illustrative sample; not an official CFPB record"
2025-02-02,Loans and collections,Loans and collections,Northstar Community Bank,"My home loan servicer marked an on-time payment as overdue.","Synthetic illustrative sample; not an official CFPB record"
2025-02-03,Loans and collections,Loans and collections,Northstar Community Bank,"A collection agency says I owe a balance that belongs to another person.","Synthetic illustrative sample; not an official CFPB record"
2025-02-04,Loans and collections,Loans and collections,Northstar Community Bank,"I have had no decision on my personal loan application for over a month.","Synthetic illustrative sample; not an official CFPB record"
2025-02-05,Loans and collections,Loans and collections,Northstar Community Bank,"A payoff fee appeared after I repaid my installment loan early.","Synthetic illustrative sample; not an official CFPB record"
2025-02-01,Customer service,Customer service,Northstar Community Bank,"Customer support has closed my case twice without fixing the transfer.","Synthetic illustrative sample; not an official CFPB record"
2025-02-02,Customer service,Customer service,Northstar Community Bank,"I was told a supervisor would call back last week and have not heard anything.","Synthetic illustrative sample; not an official CFPB record"
2025-02-03,Customer service,Customer service,Northstar Community Bank,"Two Northstar representatives gave me different answers about the same fee.","Synthetic illustrative sample; not an official CFPB record"
2025-02-04,Customer service,Customer service,Northstar Community Bank,"My complaint status says resolved even though the account issue continues.","Synthetic illustrative sample; not an official CFPB record"
2025-02-05,Customer service,Customer service,Northstar Community Bank,"I sent all requested documents but the support team says they are missing.","Synthetic illustrative sample; not an official CFPB record"
